Is_Solved,Filepath,L,Sat_Clauses,Total_Clauses,Time,Method
1,bench/test/uf3-09.cnf,3,6,6,0.000205384,RK4
1,bench/test/uf3-09.cnf,3,6,6,0.000147147,Leapfrog
1,bench/test/uf3-16.cnf,3,6,6,0.000150465,Leapfrog
1,bench/test/uf3-16.cnf,3,6,6,0.000231185,RK4
1,bench/test/uf3-09.cnf,3,6,6,0.00438988,DP8Adaptive
1,bench/test/uf3-16.cnf,3,6,6,0.00509157,DP8Adaptive
1,bench/test/uf3-17.cnf,3,6,6,0.0953922,Leapfrog
1,bench/test/uf3-15.cnf,3,6,6,0.0996327,Leapfrog
1,bench/test/uf3-17.cnf,3,6,6,0.198733,RK4
1,bench/test/uf3-06.cnf,3,6,6,0.228569,Leapfrog
1,bench/test/uf3-15.cnf,3,6,6,0.228194,RK4
1,bench/test/uf3-10.cnf,3,6,6,0.148572,RK4
1,bench/test/uf3-07.cnf,3,6,6,0.0138144,RK4
1,bench/test/uf3-07.cnf,3,6,6,0.00997599,Leapfrog
0,bench/test/uf3-14.cnf,3,5,6,0.269688,Leapfrog
1,bench/test/uf3-10.cnf,3,6,6,0.18103,Leapfrog
1,bench/test/uf3-06.cnf,3,6,6,0.384448,RK4
0,bench/test/uf3-00.cnf,3,5,6,0.276135,Leapfrog
0,bench/test/uf3-14.cnf,3,5,6,0.553291,RK4
0,bench/test/uf3-18.cnf,3,5,6,0.266584,Leapfrog
1,bench/test/uf3-17.cnf,3,6,6,0.661897,DP8Adaptive
1,bench/test/uf3-15.cnf,3,6,6,0.903408,DP8Adaptive
1,bench/test/uf3-07.cnf,3,6,6,0.669864,DP8Adaptive
0,bench/test/uf3-00.cnf,3,5,6,0.684065,RK4
0,bench/test/uf3-18.cnf,3,5,6,0.679428,RK4
0,bench/test/uf3-06.cnf,3,5,6,1.96193,DP8Adaptive
0,bench/test/uf3-10.cnf,3,5,6,2.01695,DP8Adaptive
0,bench/test/uf3-00.cnf,3,5,6,1.98757,DP8Adaptive
0,bench/test/uf3-14.cnf,3,5,6,2.44715,DP8Adaptive
0,bench/test/uf3-18.cnf,3,5,6,2.04546,DP8Adaptive
1,bench/test/uf5-05.cnf,5,21,21,0.817829,Leapfrog
1,bench/test/uf5-05.cnf,5,21,21,2.14697,RK4
0,bench/test/uf5-07.cnf,5,20,21,2.47751,Leapfrog
0,bench/test/uf5-10.cnf,5,20,21,2.46358,Leapfrog
0,bench/test/uf5-07.cnf,5,20,21,4.92514,RK4
0,bench/test/uf5-04.cnf,5,20,21,3.17392,Leapfrog
0,bench/test/uf5-17.cnf,5,20,21,3.17258,Leapfrog
0,bench/test/uf5-04.cnf,5,20,21,4.94208,RK4
0,bench/test/uf5-10.cnf,5,20,21,6.41839,RK4
0,bench/test/uf5-17.cnf,5,20,21,4.99523,RK4
0,bench/test/uf5-09.cnf,5,20,21,2.43508,Leapfrog
1,bench/test/uf5-05.cnf,5,21,21,5.70085,DP8Adaptive
0,bench/test/uf5-09.cnf,5,20,21,4.97472,RK4
0,bench/test/uf5-00.cnf,5,19,21,2.45146,Leapfrog
0,bench/test/uf5-12.cnf,5,19,21,2.46552,Leapfrog
0,bench/test/uf5-11.cnf,5,20,21,2.45065,Leapfrog
0,bench/test/uf5-00.cnf,5,19,21,6.1218,RK4
0,bench/test/uf5-12.cnf,5,19,21,5.11321,RK4
1,bench/test/uf5-15.cnf,5,21,21,0.817422,Leapfrog
0,bench/test/uf5-11.cnf,5,20,21,4.96148,RK4
1,bench/test/uf5-15.cnf,5,21,21,1.63972,RK4
0,bench/test/uf5-07.cnf,5,0,100,15.0,DP8Adaptive
0,bench/test/uf5-10.cnf,5,0,100,15.0,DP8Adaptive
0,bench/test/uf5-04.cnf,5,0,100,15.0,DP8Adaptive
0,bench/test/uf7-08.cnf,7,29,30,4.74622,Leapfrog
0,bench/test/uf5-17.cnf,5,0,100,15.0,DP8Adaptive
1,bench/test/uf5-15.cnf,5,21,21,5.36455,DP8Adaptive
0,bench/test/uf5-09.cnf,5,0,100,15.0,DP8Adaptive
0,bench/test/uf7-17.cnf,7,28,30,4.69922,Leapfrog
0,bench/test/uf5-00.cnf,5,0,100,15.0,DP8Adaptive
0,bench/test/uf7-08.cnf,7,29,30,9.52588,RK4
0,bench/test/uf7-09.cnf,7,25,30,4.70324,Leapfrog
0,bench/test/uf5-12.cnf,5,0,100,15.0,DP8Adaptive
0,bench/test/uf7-03.cnf,7,29,30,4.64535,Leapfrog
0,bench/test/uf5-11.cnf,5,0,100,15.0,DP8Adaptive
0,bench/test/uf7-10.cnf,7,29,30,4.66174,Leapfrog
0,bench/test/uf7-09.cnf,7,25,30,9.57146,RK4
0,bench/test/uf7-17.cnf,7,27,30,12.3727,RK4
0,bench/test/uf7-08.cnf,7,0,100,15.0,DP8Adaptive
0,bench/test/uf7-11.cnf,7,28,30,4.69784,Leapfrog
0,bench/test/uf7-10.cnf,7,29,30,9.41663,RK4
0,bench/test/uf7-17.cnf,7,0,100,15.0,DP8Adaptive
0,bench/test/uf7-14.cnf,7,28,30,4.65003,Leapfrog
0,bench/test/uf7-03.cnf,7,29,30,12.3892,RK4
0,bench/test/uf7-09.cnf,7,0,100,15.0,DP8Adaptive
0,bench/test/uf7-11.cnf,7,28,30,9.49747,RK4
0,bench/test/uf7-05.cnf,7,28,30,4.9204,Leapfrog
0,bench/test/uf7-14.cnf,7,28,30,9.53618,RK4
0,bench/test/uf7-03.cnf,7,0,100,15.0,DP8Adaptive
0,bench/test/uf7-10.cnf,7,0,100,15.0,DP8Adaptive
0,bench/test/uf7-16.cnf,7,29,30,6.13278,Leapfrog
0,bench/test/uf7-05.cnf,7,28,30,9.54538,RK4
0,bench/test/uf7-12.cnf,7,28,30,4.76175,Leapfrog
0,bench/test/uf7-16.cnf,7,29,30,9.50929,RK4
0,bench/test/uf7-11.cnf,7,0,100,15.0,DP8Adaptive
0,bench/test/uf7-14.cnf,7,0,100,15.0,DP8Adaptive
0,bench/test/uf7-12.cnf,7,29,30,9.62877,RK4
0,bench/test/uf9-08.cnf,9,35,38,9.59266,Leapfrog
0,bench/test/uf7-05.cnf,7,0,100,15.0,DP8Adaptive
0,bench/test/uf7-16.cnf,7,0,100,15.0,DP8Adaptive
0,bench/test/uf9-03.cnf,9,35,38,7.48382,Leapfrog
0,bench/test/uf9-15.cnf,9,36,38,7.36233,Leapfrog
0,bench/test/uf7-12.cnf,7,0,100,15.0,DP8Adaptive
0,bench/test/uf9-08.cnf,9,0,100,15.0,RK4
0,bench/test/uf9-08.cnf,9,0,100,15.0,DP8Adaptive
0,bench/test/uf9-03.cnf,9,36,38,14.7298,RK4
0,bench/test/uf9-16.cnf,9,37,38,7.24003,Leapfrog
0,bench/test/uf9-15.cnf,9,36,38,14.5974,RK4
0,bench/test/uf9-03.cnf,9,0,100,15.0,DP8Adaptive
0,bench/test/uf9-05.cnf,9,36,38,7.32601,Leapfrog
0,bench/test/uf9-15.cnf,9,0,100,15.0,DP8Adaptive
0,bench/test/uf9-16.cnf,9,0,100,15.0,RK4
0,bench/test/uf9-16.cnf,9,0,100,15.0,DP8Adaptive
0,bench/test/uf9-12.cnf,9,36,38,9.7101,Leapfrog
0,bench/test/uf9-05.cnf,9,0,100,15.0,RK4
0,bench/test/uf9-02.cnf,9,35,38,7.35608,Leapfrog
0,bench/test/uf9-00.cnf,9,35,38,7.6597,Leapfrog
0,bench/test/uf9-05.cnf,9,0,100,15.0,DP8Adaptive
0,bench/test/uf9-12.cnf,9,0,100,15.0,RK4
0,bench/test/uf9-12.cnf,9,0,100,15.0,DP8Adaptive
0,bench/test/uf9-02.cnf,9,0,100,15.0,RK4
0,bench/test/uf9-09.cnf,9,34,38,7.5942,Leapfrog
0,bench/test/uf9-02.cnf,9,0,100,15.0,DP8Adaptive
0,bench/test/uf9-00.cnf,9,0,100,15.0,RK4
0,bench/test/uf9-11.cnf,9,36,38,7.84837,Leapfrog
0,bench/test/uf9-00.cnf,9,0,100,15.0,DP8Adaptive
0,bench/test/uf9-09.cnf,9,0,100,15.0,RK4
0,bench/test/uf9-09.cnf,9,0,100,15.0,DP8Adaptive
0,bench/test/uf9-11.cnf,9,0,100,15.0,RK4
0,bench/test/uf9-11.cnf,9,0,100,15.0,DP8Adaptive
0,bench/test/uf12-12.cnf,12,0,100,15.0,RK4
0,bench/test/uf12-12.cnf,12,46,51,13.5519,Leapfrog
0,bench/test/uf12-12.cnf,12,0,100,15.0,DP8Adaptive
0,bench/test/uf12-02.cnf,12,49,51,14.0219,Leapfrog
0,bench/test/uf12-02.cnf,12,0,100,15.0,RK4
0,bench/test/uf12-02.cnf,12,0,100,15.0,DP8Adaptive
0,bench/test/uf12-14.cnf,12,0,100,15.0,RK4
0,bench/test/uf12-14.cnf,12,48,51,12.7287,Leapfrog
0,bench/test/uf12-14.cnf,12,0,100,15.0,DP8Adaptive
0,bench/test/uf12-09.cnf,12,0,100,15.0,RK4
0,bench/test/uf12-09.cnf,12,0,100,15.0,Leapfrog
0,bench/test/uf12-15.cnf,12,47,51,13.0533,Leapfrog
0,bench/test/uf12-09.cnf,12,0,100,15.0,DP8Adaptive
0,bench/test/uf12-15.cnf,12,0,100,15.0,RK4
0,bench/test/uf12-15.cnf,12,0,100,15.0,DP8Adaptive
0,bench/test/uf12-03.cnf,12,0,100,15.0,RK4
0,bench/test/uf12-03.cnf,12,0,100,15.0,Leapfrog
0,bench/test/uf12-03.cnf,12,0,100,15.0,DP8Adaptive
0,bench/test/uf12-05.cnf,12,47,51,14.396,Leapfrog
0,bench/test/uf12-05.cnf,12,0,100,15.0,RK4
0,bench/test/uf12-05.cnf,12,0,100,15.0,DP8Adaptive
0,bench/test/uf12-16.cnf,12,0,100,15.0,RK4
0,bench/test/uf12-16.cnf,12,49,51,14.9604,Leapfrog
0,bench/test/uf12-01.cnf,12,46,51,12.5548,Leapfrog
0,bench/test/uf12-16.cnf,12,0,100,15.0,DP8Adaptive
0,bench/test/uf12-01.cnf,12,0,100,15.0,RK4
0,bench/test/uf12-08.cnf,12,48,51,11.5284,Leapfrog
0,bench/test/uf12-01.cnf,12,0,100,15.0,DP8Adaptive
0,bench/test/uf12-08.cnf,12,0,100,15.0,RK4
0,bench/test/uf12-08.cnf,12,0,100,15.0,DP8Adaptive
